<?xml version="1.0" encoding="utf-8"?>
<template>
    <t t-name="ProductDashboard">
        <div class="oh_dashboards">
        </div>
        <section class="dashboard_main" id="main_section">
            <div class="col-sm-12 mb-4">
                <div class="row" style="margin-left: 20px">
                    <div class="shadow-sm border m-2 p-4" style="height: 30px; width: 97.5%; border-radius: 10px; background: lavender">
                        <div class="d-flex justify-content-between">
                            <p class="section-header fw-bold" style="margin-top: -16px; font-size: 22px;">PRODUCT DASHBOARD</p>
                        </div>
                    </div>
                    <!--      Tiles    -->
                    <div class="col-sm-12 mb-3">
                        <div class="row" style="margin-left: 38px">
                            <div class="col-md-3 col-sm-5 all_products oh-data">
                                <div class="oh-card" style="width: 288px;">
                                    <div class="oh-card-body">
                                        <div class="stat-widget-one">
                                            <div class="stat-icon" style="background:#ff4d94">
                                                <i class="fa fa-star"/>
                                            </div>
                                            <div class="stat-content">
                                                <div class="stat-head">Products</div>
                                                <div class="stat_count">
                                                    <t t-esc="this.state.product_templates"/>
                                                </div>
                                            </div>
                                        </div>
                                    </div>
                                </div>
                            </div>
                            <div class="col-md-3 col-sm-5 product_variants oh-data">
                                <div class="oh-card" style="width: 288px;">
                                    <div class="oh-card-body">
                                        <div class="stat-widget-one">
                                            <div class="stat-icon" style="background:#99e6ff">
                                                <i class="fa fa-star"/>
                                            </div>
                                            <div class="stat-content">
                                                <div class="stat-head">Product Variants</div>
                                                <div class="stat_count">
                                                    <t t-esc="this.state.variants_count"/>
                                                </div>
                                            </div>
                                        </div>
                                    </div>
                                </div>
                            </div>
                            <div class="col-md-3 col-sm-5 storable_products oh-data">
                                <div class="oh-card" style="width: 288px;">
                                    <div class="oh-card-body">
                                        <div class="stat-widget-one">
                                            <div class="stat-icon" style="background:#aaff80">
                                                <i class="fa fa-star"/>
                                            </div>
                                            <div class="stat-content">
                                                <div class="stat-head">Storable Products</div>
                                                <div class="stat_count">
                                                    <t t-esc="this.state.products_storable"/>
                                                </div>
                                            </div>
                                        </div>
                                    </div>
                                </div>
                            </div>
                            <div class="col-md-3 col-sm-5 consu_products oh-data">
                                <div class="oh-card" style="width: 288px;">
                                    <div class="oh-card-body">
                                        <div class="stat-widget-one">
                                            <div class="stat-icon" style="background:#bf80ff">
                                                <i class="fa fa-star"/>
                                            </div>
                                            <div class="stat-content">
                                                <div class="stat-head">Consumable Products</div>
                                                <div class="stat_count">
                                                    <t t-esc="this.state.product_consumable"/>
                                                </div>
                                            </div>
                                        </div>
                                    </div>
                                </div>
                            </div>
                            <div class="col-md-3 col-sm-5 service_prod oh-data">
                                <div class="oh-card" style="width: 288px;">
                                    <div class="oh-card-body">
                                        <div class="stat-widget-one">
                                            <div class="stat-icon" style="background:#ff4d94">
                                                <i class="fa fa-star"/>
                                            </div>
                                            <div class="stat-content">
                                                <div class="stat-head">Service Products</div>
                                                <div class="stat_count">
                                                    <t t-esc="this.state.product_service"/>
                                                </div>
                                            </div>
                                        </div>
                                    </div>
                                </div>
                            </div>
                            <div class="col-md-3 col-sm-5 categ_prod oh-data">
                                <div class="oh-card" style="width: 288px;">
                                    <div class="oh-card-body">
                                        <div class="stat-widget-one">
                                            <div class="stat-icon" style="background:#99e6ff">
                                                <i class="fa fa-star"/>
                                            </div>
                                            <div class="stat-content">
                                                <div class="stat-head">Product Category</div>
                                                <div class="stat_count">
                                                    <t t-esc="this.state.product_categ"/>
                                                </div>
                                            </div>
                                        </div>
                                    </div>
                                </div>
                            </div>
                            <div class="col-md-3 col-sm-5 categ_prod oh-data">
                                <div class="oh-card" style="width: 288px;">
                                    <div class="oh-card-body">
                                        <div class="stat-widget-one">
                                            <div class="stat-icon" style="background:#aaff80">
                                                <i class="fa fa-star"/>
                                            </div>
                                            <div class="stat-content">
                                                <div class="stat-head">Price Lists</div>
                                                <div class="stat_count">
                                                    <t t-esc="this.state.product_pricelist"/>
                                                </div>
                                            </div>
                                        </div>
                                    </div>
                                </div>
                            </div>
                            <div class="col-md-3 col-sm-5 categ_prod oh-data">
                                <div class="oh-card" style="width: 288px;">
                                    <div class="oh-card-body">
                                        <div class="stat-widget-one">
                                            <div class="stat-icon" style="background:#bf80ff">
                                                <i class="fa fa-star"/>
                                            </div>
                                            <div class="stat-content">
                                                <div class="stat-head">Product Attribute</div>
                                                <div class="stat_count">
                                                    <t t-esc="this.state.product_attribute"/>
                                                </div>
                                            </div>
                                        </div>
                                    </div>
                                </div>
                            </div>
                        </div>
                    </div>
                </div>
            </div>
        </section>
        <div class="col-xs-12 col-sm-12 col-lg-12 col-md-12">
            <div class="row main-section">
                <div class="col-md">
                    <div class="chart_head"
                         style="font-weight: 700;background: #0b3c38b0;">
                        Top Sale Charts
                    </div>
                    <div class="shadow-sm border m-4 p-4 bg-white">
                        <canvas t-ref="top_sale_chart"/>
                    </div>
                </div>
                <div class="col-md">
                    <div class="chart_head"
                         style="font-weight: 700;background: #3e6c1eb0;">
                        Top Purchase Charts
                    </div>
                    <div class="shadow-sm border m-4 p-4 bg-white">
                        <canvas t-ref="top_purchase_chart"/>
                    </div>
                </div>
            </div>
        </div>
        <br/>
        <div class="col-xs-12 col-sm-12 col-lg-12 col-md-12">
            <div class="row main-section">
                <div class="col-sm-6 col-lg-6">
                    <div class="chart_head"
                         style="font-weight: 700;background: #669731d4;">
                        Product Moves Monthly Analysis
                    </div>
                    <div class="shadow-sm border m-4 p-4 bg-white">
                        <div class="row" style="margin-left: 5px;">
                            <!-- Product Select -->
                            <div class="form-group col-4"
                                 style="padding: 12px 0;" id="product_select">
                                <select class="form-select" id="prod_selection"
                                        t-on-change="onchange_prod_selection"
                                        style="background-color: ghostwhite;">
                                </select>
                            </div>
                            <!-- Year Select -->
                            <div class="form-group col-2"
                                 style="padding: 12px 0; margin-left: 5px;" id="year_select">
                                <select class="form-select" id="year_selection"
                                        style="background-color: ghostwhite;">
                                </select>
                            </div>
                        </div>
                        <div class="graph_canvas" style="margin-top: 30px;">
                            <canvas class="canvas" t-ref="product_graph"/>
                        </div>
                    </div>
                </div>
                <div class="col-sm-6 col-lg-6">
                    <div class="chart_head"
                         style="font-weight: 700;background: #137660c2;">
                        Product By Location
                    </div>
                    <div class="shadow-sm border m-4 p-4 bg-white" style="height: 636px;">
                        <div class="form-group col-4"
                             style="padding: 12px 0;" id="product_categ_select">
                            <select class="form-select" id="product_location_selection"
                                    t-on-change="onchange_location_selection"
                                    style="background-color: ghostwhite;">
                            </select>
                        </div>
                        <div class="graph_canvas" style="margin-top: 30px;">
                            <canvas class="canvas" t-ref="product_qty"/>
                        </div>
                    </div>
                </div>
            </div>
        </div>
        <br/>
    </t>
</template>
