<?xml version="1.0" encoding="UTF-8" ?>
<odoo>
    <!-- This is a template extending the 'point_of_sale.ProductItem' template. -->
    <t t-name="point_of_sale.low_product_stock"
       t-inherit="point_of_sale.ProductCard" t-inherit-mode="extension" owl="1">
        <xpath expr="//div[hasclass('product-img')]" position="inside">
            <t t-if="props.alertTag">
                <span class="alert_tag position-absolute top-0 start-0 translate-middle"
                      style=" background-color: #7f82ac; margin: 18%; margin-top: 6%;">
                    <i class="fa fa-warning text-danger"
                       style="color: red;"/>
                    <t t-esc="props.alertTag"/>
                </span>
            </t>
        </xpath>
    </t>
</odoo>
